{
  "total_trips": {
    "before": 287018.3333333333,
    "during": 151136.0,
    "after": 253997.0
  },
  "hourly_trips": {
    "before": [
      11659.666666666666,
      10239.666666666666,
      9502.0,
      9660.666666666666,
      9444.0,
      11751.666666666666,
      22111.0,
      45073.666666666664,
      58935.333333333336,
      63986.333333333336,
      66599.66666666667,
      69868.66666666667,
      73391.33333333333,
      71234.0,
      65259.0,
      59328.666666666664,
      49702.333333333336,
      39939.0,
      33724.666666666664,
      30184.0,
      23751.666666666668,
      19705.333333333332,
      17291.0,
      14467.333333333334
    ],
    "during": [
      12941.0,
      11374.5,
      10848.5,
      8837.0,
      8929.5,
      9313.0,
      13472.0,
      16102.0,
      17526.0,
      20029.0,
      25332.0,
      26497.0,
      26328.0,
      26709.0,
      25418.0,
      24664.5,
      22652.5,
      23267.0,
      26191.5,
      24495.0,
      19741.0,
      17050.5,
      16529.5,
      13354.0
    ],
    "after": [
      11285.75,
      10548.75,
      9900.75,
      9503.75,
      9670.25,
      12728.25,
      22515.0,
      40431.25,
      49887.5,
      55417.25,
      58049.5,
      60671.0,
      63366.75,
      63559.5,
      60724.75,
      56522.25,
      49456.0,
      41104.75,
      35197.25,
      30682.75,
      24498.0,
      20113.75,
      17677.25,
      14381.0
    ]
  },
  "relative_changes": {
    "during_vs_before": -47.3427365267027,
    "after_vs_before": -11.50495612939939
  }
}