{
  "total_trips": {
    "before": 100.0,
    "during": 52.6572634732973,
    "after": 88.49504387060061
  },
  "hourly_trips": {
    "before": [
      4.062342126809553,
      3.567600211368612,
      3.3105899158590337,
      3.365870937396566,
      3.2903821474818686,
      4.094395828373333,
      7.703689079094832,
      15.70410717085436,
      20.53364767639698,
      22.293465574208387,
      23.203976517179512,
      24.342928152092494,
      25.57025973950561,
      24.81862366515496,
      22.736875112507335,
      20.670688864242123,
      17.316779996632043,
      13.915138986475894,
      11.750004355122496,
      10.516401391316467,
      8.275313423648898,
      6.86553123784195,
      6.024353844992481,
      5.040560707504167
    ],
    "during": [
      4.508771216705089,
      3.962987265621825,
      3.779723711028913,
      3.078897399120846,
      3.111125305584429,
      3.244740463733444,
      4.693776820296033,
      5.610094593260594,
      6.106230147899961,
      6.978299876314522,
      8.825917043626715,
      9.231814460168051,
      9.172933204034587,
      9.305677337684585,
      8.855880286392857,
      8.593353502389512,
      7.892352985581642,
      8.106450807439712,
      9.125375266388327,
      8.534298041356244,
      6.877957854027908,
      5.940561288187166,
      5.759039782592286,
      4.6526644639424894
    ],
    "after": [
      3.932065895906766,
      3.675287873596925,
      3.4495183234520446,
      3.3111996330083446,
      3.369209864642793,
      4.434647031838849,
      7.844446638135776,
      14.086643710332094,
      17.38129387785914,
      19.30791296723206,
      20.225014662245737,
      21.138370951913643,
      22.07759666920232,
      22.14475265807643,
      21.157097978642483,
      19.692905795797017,
      17.230955049329022,
      14.321297710366935,
      12.263066819192735,
      10.690170778870108,
      8.535343270755064,
      7.007827606831156,
      6.158927130090413,
      5.010481328138157
    ]
  },
  "relative_changes": {
    "during_vs_before": -47.3427365267027,
    "after_vs_before": -11.50495612939939
  },
  "scaling_factor": 0.00034840979960629696,
  "target_agents": 100
}