{
  "1": [
    0.43,
    0.16,
    0.023333333333333334,
    0.34,
    0.03333333333333333,
    0.01,
    0.0033333333333333335
  ],
  "2": [
    0.22134387351778656,
    0.3794466403162055,
    0.003952569169960474,
    0.383399209486166,
    0.0,
    0.011857707509881422,
    0.0
  ],
  "3": [
    0.5144230769230769,
    0.22115384615384615,
    0.009615384615384616,
    0.21153846153846154,
    0.0,
    0.0,
    0.04326923076923077
  ],
  "4": [
    0.3944636678200692,
    0.15570934256055363,
    0.01384083044982699,
    0.43252595155709345,
    0.0,
    0.0,
    0.0034602076124567475
  ],
  "5": [
    0.47346938775510206,
    0.30612244897959184,
    0.0,
    0.22040816326530613,
    0.0,
    0.0,
    0.0
  ],
  "6": [
    0.43283582089552236,
    0.22388059701492538,
    0.026119402985074626,
    0.30970149253731344,
    0.0,
    0.0,
    0.007462686567164179
  ],
  "7": [
    0.4426751592356688,
    0.24203821656050956,
    0.012738853503184714,
    0.2643312101910828,
    0.022292993630573247,
    0.012738853503184714,
    0.0031847133757961785
  ],
  "8": [
    0.49333333333333335,
    0.18,
    0.08,
    0.19,
    0.023333333333333334,
    0.0033333333333333335,
    0.03
  ],
  "9": [
    0.5302013422818792,
    0.0738255033557047,
    0.040268456375838924,
    0.26174496644295303,
    0.0,
    0.0,
    0.09395973154362416
  ],
  "10": [
    0.4786729857819905,
    0.0947867298578199,
    0.04265402843601896,
    0.22274881516587677,
    0.0,
    0.0,
    0.16113744075829384
  ],
  "11": [
    0.559322033898305,
    0.011299435028248588,
    0.13559322033898305,
    0.2655367231638418,
    0.0,
    0.022598870056497175,
    0.005649717514124294
  ],
  "12": [
    0.65,
    0.0,
    0.025,
    0.285,
    0.015,
    0.005,
    0.02
  ],
  "13": [
    0.5819397993311036,
    0.0,
    0.016722408026755852,
    0.391304347826087,
    0.0,
    0.010033444816053512,
    0.0
  ],
  "14": [
    0.762114537444934,
    0.03524229074889868,
    0.048458149779735685,
    0.14537444933920704,
    0.0,
    0.00881057268722467,
    0.0
  ],
  "15": [
    0.6394984326018809,
    0.0,
    0.0,
    0.329153605015674,
    0.003134796238244514,
    0.025078369905956112,
    0.003134796238244514
  ],
  "16": [
    0.6566523605150214,
    0.0,
    0.008583690987124463,
    0.31759656652360513,
    0.0,
    0.017167381974248927,
    0.0
  ],
  "17": [
    0.6193771626297578,
    0.0726643598615917,
    0.031141868512110725,
    0.15916955017301038,
    0.0,
    0.0,
    0.11764705882352941
  ],
  "18": [
    0.48333333333333334,
    0.07333333333333333,
    0.02666666666666667,
    0.4166666666666667,
    0.0,
    0.0,
    0.0
  ],
  "19": [
    0.6372881355932203,
    0.0,
    0.01694915254237288,
    0.3423728813559322,
    0.0,
    0.0,
    0.003389830508474576
  ],
  "20": [
    0.5504201680672269,
    0.1134453781512605,
    0.0546218487394958,
    0.22268907563025211,
    0.0,
    0.058823529411764705,
    0.0
  ],
  "21": [
    0.7770700636942676,
    0.012738853503184714,
    0.01910828025477707,
    0.1910828025477707,
    0.0,
    0.0,
    0.0
  ],
  "22": [
    0.6005665722379604,
    0.0,
    0.04815864022662889,
    0.33994334277620397,
    0.0,
    0.0113314447592068,
    0.0
  ],
  "23": [
    0.7817258883248731,
    0.07106598984771574,
    0.025380710659898477,
    0.1116751269035533,
    0.0,
    0.01015228426395939,
    0.0
  ],
  "24": [
    0.8203883495145631,
    0.0,
    0.03398058252427184,
    0.14563106796116504,
    0.0,
    0.0,
    0.0
  ],
  "25": [
    0.48535564853556484,
    0.12133891213389121,
    0.04184100418410042,
    0.2928870292887029,
    0.0,
    0.0,
    0.058577405857740586
  ],
  "26": [
    0.47577092511013214,
    0.004405286343612335,
    0.0,
    0.5066079295154186,
    0.013215859030837005,
    0.0,
    0.0
  ],
  "27": [
    0.4876847290640394,
    0.21182266009852216,
    0.07881773399014778,
    0.19704433497536947,
    0.019704433497536946,
    0.0,
    0.0049261083743842365
  ],
  "28": [
    0.41914191419141916,
    0.0,
    0.0297029702970297,
    0.528052805280528,
    0.0,
    0.006600660066006601,
    0.0165016501650165
  ],
  "29": [
    0.6542553191489362,
    0.0,
    0.05319148936170213,
    0.2925531914893617,
    0.0,
    0.0,
    0.0
  ],
  "30": [
    0.40930232558139534,
    0.013953488372093023,
    0.004651162790697674,
    0.5627906976744186,
    0.0,
    0.009302325581395349,
    0.0
  ],
  "31": [
    0.31336405529953915,
    0.41013824884792627,
    0.013824884792626729,
    0.17050691244239632,
    0.0,
    0.0,
    0.09216589861751152
  ],
  "32": [
    0.6209677419354839,
    0.016129032258064516,
    0.008064516129032258,
    0.35080645161290325,
    0.0,
    0.0,
    0.004032258064516129
  ],
  "33": [
    0.5670995670995671,
    0.0,
    0.0735930735930736,
    0.3593073593073593,
    0.0,
    0.0,
    0.0
  ],
  "34": [
    0.606425702811245,
    0.0,
    0.060240963855421686,
    0.2570281124497992,
    0.024096385542168676,
    0.01606425702811245,
    0.03614457831325301
  ],
  "35": [
    0.5488372093023256,
    0.018604651162790697,
    0.018604651162790697,
    0.3813953488372093,
    0.0,
    0.004651162790697674,
    0.027906976744186046
  ],
  "36": [
    0.5098039215686274,
    0.11274509803921569,
    0.0,
    0.21568627450980393,
    0.00980392156862745,
    0.0,
    0.15196078431372548
  ],
  "37": [
    0.5643153526970954,
    0.2033195020746888,
    0.029045643153526972,
    0.1950207468879668,
    0.0,
    0.004149377593360996,
    0.004149377593360996
  ],
  "38": [
    0.7323943661971831,
    0.0,
    0.1267605633802817,
    0.13145539906103287,
    0.0,
    0.009389671361502348,
    0.0
  ],
  "39": [
    0.6205357142857143,
    0.0,
    0.05357142857142857,
    0.3169642857142857,
    0.0,
    0.004464285714285714,
    0.004464285714285714
  ],
  "40": [
    0.573076923076923,
    0.0,
    0.0,
    0.4269230769230769,
    0.0,
    0.0,
    0.0
  ],
  "41": [
    0.6807817589576547,
    0.20521172638436483,
    0.009771986970684038,
    0.09771986970684039,
    0.0,
    0.006514657980456026,
    0.0
  ],
  "42": [
    0.6096491228070176,
    0.008771929824561403,
    0.05263157894736842,
    0.2850877192982456,
    0.0,
    0.039473684210526314,
    0.0043859649122807015
  ],
  "43": [
    0.6833333333333333,
    0.01,
    0.04,
    0.26666666666666666,
    0.0,
    0.0,
    0.0
  ],
  "44": [
    0.6604651162790698,
    0.023255813953488372,
    0.0,
    0.31627906976744186,
    0.0,
    0.0,
    0.0
  ],
  "45": [
    0.7463414634146341,
    0.04878048780487805,
    0.05853658536585366,
    0.14146341463414633,
    0.0,
    0.0,
    0.004878048780487805
  ],
  "46": [
    0.5936254980079682,
    0.00796812749003984,
    0.04780876494023904,
    0.350597609561753,
    0.0,
    0.0,
    0.0
  ],
  "47": [
    0.6333333333333333,
    0.06944444444444445,
    0.025,
    0.24722222222222223,
    0.008333333333333333,
    0.008333333333333333,
    0.008333333333333333
  ],
  "48": [
    0.5966386554621849,
    0.02100840336134454,
    0.0546218487394958,
    0.2857142857142857,
    0.01680672268907563,
    0.0,
    0.025210084033613446
  ],
  "49": [
    0.5804195804195804,
    0.10139860139860139,
    0.024475524475524476,
    0.2937062937062937,
    0.0,
    0.0,
    0.0
  ],
  "50": [
    0.5921052631578947,
    0.05263157894736842,
    0.09210526315789473,
    0.2631578947368421,
    0.0,
    0.0,
    0.0
  ],
  "51": [
    0.46706586826347307,
    0.023952095808383235,
    0.0688622754491018,
    0.44011976047904194,
    0.0,
    0.0,
    0.0
  ],
  "52": [
    0.5495867768595041,
    0.0,
    0.04132231404958678,
    0.4090909090909091,
    0.0,
    0.0,
    0.0
  ],
  "53": [
    0.7073170731707317,
    0.020905923344947737,
    0.024390243902439025,
    0.2264808362369338,
    0.006968641114982578,
    0.0,
    0.013937282229965157
  ],
  "54": [
    0.5348837209302325,
    0.05581395348837209,
    0.0,
    0.40930232558139534,
    0.0,
    0.0,
    0.0
  ],